tweet_id,user_id,user_name,created_at,full_text,retweets,favorite
1336924236074512384,2212129783,sam_jwalsh,Thu Dec 10 06:42:31 +0000 2020,"#66daysofdata
Day 23:
-Started work on getting pubg data ready for model (meaning figuring how to re-split the data, etc).
-I think it'll take a little more data cleaning but shouldn't take long.",0,0
1336919219791831041,2588345408,paulr_rohan,Thu Dec 10 06:22:35 +0000 2020,"My #kaggle notebook on Encoding-Categorical-Variables

https://t.co/VmUkFarTc8

#DataScience #MachineLearning  #100DaysOfMLCode #Python #DataScientist #66daysofdata #Statistics #Mathematics #pandas #programming #ArtificialIntelligence #Data #DataAnalytics",4,2
1336898892269461504,1701937670,kkccookkiiee,Thu Dec 10 05:01:48 +0000 2020,"#day6 of #66daysofdata
I found that linear algebra and calculus are very important math concepts to understand machine learning and deep learning
Today I learn
- computing neural network output and vectorized the data
- practice coding LinkedList in python",1,0
1336892078605955072,1320782511748927489,NoahHorsleyDS,Thu Dec 10 04:34:44 +0000 2020,"I watched some videos about Git and GitHub today to improve my understanding of how the platform is used for collaboration.

Day 43 of #66daysofdata
Days missed: 2",0,3
1336889522143969281,45938414,KiInoue,Thu Dec 10 04:24:34 +0000 2020,Day47 of #66DaysOfData: working on visualization skills...mainly Tableau level of detail calculations and mapping.,0,0
1336884998222254080,935615163457310722,stsewang17,Thu Dec 10 04:06:36 +0000 2020,Day 8 of #66daysofdata: ‚úì.,0,0
1336874130277208066,1331398329977032707,aloknag_10,Thu Dec 10 03:23:25 +0000 2020,"Day 3 of #66daysofdata: 
- Revision of pandas for data analysis. 
- Detailed understanding of general definition of probability and properties of probability functions.",0,1
1336827551059116033,1318596362703962119,dataleftovers,Thu Dec 10 00:18:19 +0000 2020,"Day 30 and 31 of #66daysofdata:

Been working on my Big Brother project. I used plotly for the first time.",0,0
1336819919388876800,1332613548,imkeller_5,Wed Dec 09 23:48:00 +0000 2020,Day 51 of #66daysofdata! Continued using pandas on Dataquest today. Not that much to report but progress.,0,0
1336732514585518080,909968496011894784,Paiky16,Wed Dec 09 18:00:41 +0000 2020,"Day 13 of #66daysofdata -
‚èπÔ∏è Completed CH6 of Kaggle Intro to Deep Learning course. 
‚èπÔ∏è Completed basic data structures in Python.",1,1
1336713489335795712,19448058,paulapivat,Wed Dec 09 16:45:05 +0000 2020,"Day 17: #66daysofdata

- published Probability Distributions in Python: https://t.co/rFFwGE0Q5S
- work-in-prog post on Permutations https://t.co/fK6zdi1hqM",0,2
1336712651863433230,1272594316507004929,JamesJDargan,Wed Dec 09 16:41:45 +0000 2020,Days 3-8 of #66daysofdata focused on SQL. Completed two LinkedIn Learning SQL courses and studied essential clauses and usage.,0,1
1336697338484514817,1291489501844393984,_dominiquejames,Wed Dec 09 15:40:54 +0000 2020,"Be honest with yourself. If you don‚Äôt know how to do it, find out how and reach into your network, forums, and even YouTube comment sections to learn how.

ü§ôüî•‚ù§Ô∏è

#100DaysOfCode #SQLServer #Python #javascript #CodeNewbies #code #66daysofdata #API #Analytics",3,6
1336683083743985665,2588345408,paulr_rohan,Wed Dec 09 14:44:16 +0000 2020,"My #kaggle notebook Dimensionality Reduction and PCA

https://t.co/eGxpkkLwII

#DataScience #MachineLearning  #100DaysOfMLCode #Python #DataScientist #66daysofdata #Statistics #Mathematics #pandas #programming #ArtificialIntelligence #Data #DataAnalytics",2,4
1336672277191122944,1332613548,imkeller_5,Wed Dec 09 14:01:19 +0000 2020,"Day 50 of #66daysofdata! Yesterday I slept in early and was not able to get something done on Dataquest. Anyways I did some things for my Databases project, so I picked up some ne things for SQL.",0,1
1336589788577550336,2212129783,sam_jwalsh,Wed Dec 09 08:33:32 +0000 2020,"#66daysofdata 
Day 22:
-I think I'm ready to start training models on my pubg data notebook. maybe a little pre-mature, but i'm getting antsy
-I also want to start studying math for ML, which I think is important.
post finals i'll be grinding data sci..",0,1
1336577077131108352,1214799165500248066,ShivSivakumaran,Wed Dec 09 07:43:02 +0000 2020,"Day 53 of #66DaysofData. I've been absent for a while. Just on holiday.

Can anyone guess what country this is?

Got a cool blog coming up on this as well.

#100DaysOfCode #DataScience #matplotlib #jupyternotebook #python https://t.co/uGNWZtSCJB",10,8
1336576364992872448,2588345408,paulr_rohan,Wed Dec 09 07:40:12 +0000 2020,"My #kaggle notebook some important and common #Python Exercises

https://t.co/ok8qZsDN53

#DataScience #MachineLearning  #100DaysOfMLCode #Python #DataScientist #66daysofdata #Statistics #Mathematics #pandas #programming  #interview  #100daysofcodechallenge #100DaysOfCode",8,7
1336553501829324800,2771098682,pigglymichele,Wed Dec 09 06:09:21 +0000 2020,"‚úÖ DAY 49 of #66daysofdata 

‚ú® didn‚Äôt do too much learning today but I had this q of how to find top N within each category without using context filters. Learned this new table calc using Index on tableau

‚ú® also attended this intersection panel and learned bout the agency",0,1
1336524406441566208,1320782511748927489,NoahHorsleyDS,Wed Dec 09 04:13:44 +0000 2020,"I don't use SQL on a daily basis, but I'm glad I know it. There's a lot of overlap with concepts I do use regularly, like joins.

Day 42 of #66daysofdata
Days missed: 2",0,3
1336513972359602178,935615163457310722,stsewang17,Wed Dec 09 03:32:16 +0000 2020,Day 7 of #66daysofdata: ‚úì.,0,1
1336441886324760577,1308392951949725697,chanmantweeter,Tue Dec 08 22:45:50 +0000 2020,"Super-useful blog post explaining the inplace parameter in Pandas dataframes. I was intrigued by seeing this parameter in a lot of the code in @KOrfanakis's excellent House price notebook on @kaggle. Now I get it! #66daysofdata
https://t.co/RIDdizEs87",0,2
1336440616369139724,1308392951949725697,chanmantweeter,Tue Dec 08 22:40:47 +0000 2020,"Still mindblowing that the model could have an MAE of 14673.95534 and still come in the top 6%. Even the 25th place out of 53,925 teams has an MAE of 11595.02554. How did the top 10 entries get an MAE of 0.000?! Awesome! #66daysofdata",0,2
1336439615062994950,1308392951949725697,chanmantweeter,Tue Dec 08 22:36:48 +0000 2020,"Days 15-20 of #66daysofdata - completed first pass through @kaggle's Intermediate ML course, and oddly got into the top 6% of the House Prices Learners comp, just by using XGBBoost instead of RandomForest using a fork of the Pipelines exercise (1/2)",0,2
1336431685743726593,1291489501844393984,_dominiquejames,Tue Dec 08 22:05:18 +0000 2020,"Watching a video or reading
‚â† 
True understanding

Put your newfound knowledge to the test by doing and practicing.

ü§ôüî•‚ù§Ô∏è

#100DaysOfCode #SQLServer #Python #javascript #CodeNewbies #code #66daysofdata #API #Analytics",9,3
1336427217946112004,2527930848,joao96santos,Tue Dec 08 21:47:33 +0000 2020,"54 / #66DaysOfData
Completed the Intermediate SQL Serve by @DataCamp
‚Ä¢ [Section 2/4] Math Functions: Counting; Totals; Dates; Round and Truncate; Others

‚Ä¢ [Section 3/4] WHILE; Derived Tables; CTE

‚Ä¢ [Section 4/4] Window Functions: OVER (PARTITION BY)
https://t.co/5CBlacxxUs",0,2
1336413075776233472,1331398329977032707,aloknag_10,Tue Dec 08 20:51:21 +0000 2020,"Day 2 of #66daysofdata :
Listened to a podcast Ken's Nearest Neighbours from @KenJee_DS with @mrdbourke.",0,3
1336377868280942592,1258031380136509441,thatshutterboi,Tue Dec 08 18:31:27 +0000 2020,"Day 22-24 of #66daysofdata , I the last few days I studied about Vectors, spaces, subspaces, spanning and Stuff like that, thanks to @3blue1brown I was able to understand that stuff. And also participated in @kaggle ML &amp; DS Survey Competition!
#DataScience #AI #MachineLearning",2,4
1336364807771938817,909968496011894784,Paiky16,Tue Dec 08 17:39:33 +0000 2020,"Day 12 of #66daysofdata -
‚èπÔ∏è Completed CH4-5 of Kaggle Intro to Deep Learning course. 
‚èπÔ∏è Started looking into other than basic data structures available in the Python standard library.",2,2
1336357039149174786,45938414,KiInoue,Tue Dec 08 17:08:41 +0000 2020,"Day46 of #66DaysOfData: watching the 2nd major keynote of AWS re:Invent - Amazon Aurora ML will be the skill that Business Analysts will NEED to learn.

#BusinessAnalytics #CloudNewbie #reInvent",0,1
1336349279502348292,951871594376376320,JackRaifer,Tue Dec 08 16:37:51 +0000 2020,"Math or TF,  that is the question.

#DataScience
#TensorFlow 
#66daysofdata https://t.co/eSCHuY0hYM",0,2
1336271000170766336,1199473474202406912,SadounMohammad,Tue Dec 08 11:26:47 +0000 2020,"Day 10 of #66daysofdata 

Today I, again, was short on time. I will make sure to finish ch 5 tomorrow.",0,1
1336203769109827584,2212129783,sam_jwalsh,Tue Dec 08 06:59:38 +0000 2020,"#66daysofdata 
Day 21:
3 weeks!
-Learned how gradient boosted models work
-Did a lot of data cleaning on the pubg dataset
I'm gonna need to learn more about model selection to get this project done end-to-end, but nonetheless I'm excited.",0,3
1336189855181795328,1301025989359788033,AMuktineni,Tue Dec 08 06:04:21 +0000 2020,"Took a break over the weekend

Day 8 of #66daysofdata (2.0)
Started working on a small project, limited to interacting with Quandl APIs &amp; Data Wrangling the stock price data of a medical equipment company Carl Zeiss Meditec from the Frankfurt Stock Exchange.",0,4
1336184791373213698,1453368613,VivanVatsa,Tue Dec 08 05:44:14 +0000 2020,"pandas was so fluffy and cute
until big data stepped in

#66daysofdata #Python #Data #DataScience #data #ArtificialIntelligence #MachineLearning #100DaysOfCode",7,9
1336181748997218304,1320782511748927489,NoahHorsleyDS,Tue Dec 08 05:32:08 +0000 2020,"I am roughly halfway through Practical Statistics for Data Scientists. How far are you @KenJee_DS?

Day 41 of #66daysofdata 
Days missed: 2",0,8
1336181085865172992,2771098682,pigglymichele,Tue Dec 08 05:29:30 +0000 2020,"‚úÖ DAY 48 of #66daysofdata 

‚ú®took some notes on the nested parameters. Also was scrolling linkedin and saw some sql probs about ifnull and ranks so went to search that up.

‚ú®sql server isnull is pretty much the same as MySQL‚Äôs ifnull Sincero server doesn‚Äôt have ifnull",0,1
1336176190986604544,375194054,ashleybee94,Tue Dec 08 05:10:03 +0000 2020,"@alfcnz @amansharma2910 @KenJee_DS @ylecun @goodfellow_ian @3blue1brown @NotionHQ Yes! If you‚Äôre not familiar with Notion, it‚Äôs a productivity platform! Highly customizable, intuitive &amp; just an overall great way to manage your life. I made a shareable template for the #66DaysofData challenge so that‚Äôs what he was referring to above :)",0,4
1336157615534071808,1293201010840797184,r7asmu7s_en,Tue Dec 08 03:56:14 +0000 2020,"Day 63 of #66daysofdata:
2nd day of familiarizing myself with ml in golang. Weird stuff!",0,1
1336113742573137920,1332613548,imkeller_5,Tue Dec 08 01:01:54 +0000 2020,Day 49 of #66daysofdata! Had another assignment due but also worked further on Dataquest. Getting way more comfortable with pandas.,0,1
1336081049638596608,1291114285507186690,jaimedatalatte,Mon Dec 07 22:52:00 +0000 2020,"Warming up for a next #66daysofdata round üèÉ‚Äç‚ôÇÔ∏è.I want to make the best out of this one so i am making sure i start freshüèéÔ∏è

https://t.co/H809rTazdI",0,6
1336077818942222337,1318596362703962119,dataleftovers,Mon Dec 07 22:39:09 +0000 2020,"Day 29 of #66daysofdata:

I did week 49 of #MakeoverMonday using python:
It shows the diverging opinions on the German/American alliance.

I would appreciate any feedback. 
Because I did mine as a net rating, I tried to style my viz like a 538 net approval chart.
#MMVizReview https://t.co/S5vqS4jCZg",1,3
1336077449881415683,935615163457310722,stsewang17,Mon Dec 07 22:37:41 +0000 2020,Day 6 of #66daysofdata: ‚úì.,0,1
1336024288860598272,1331398329977032707,aloknag_10,Mon Dec 07 19:06:27 +0000 2020,"Day 1 of #66Daysofdata:

1. SQL Basics: Creating a table, querying a table, complex queries with AND/OR, IN, LIKE, HAVING, GROUP BY and CASE. 
2. Probability : Naive and general def. of probability, Counting principles: multiplication, permutations and overcounting adjustment.",0,2
1336013682518593541,909968496011894784,Paiky16,Mon Dec 07 18:24:18 +0000 2020,"Day 11 of #66daysofdata -
‚èπÔ∏è Completed advent of code day 6.
‚èπÔ∏è Started working on adding a dataset to huggingface datasets library.",0,1
1336012897613312001,959045924705026048,bhuvane73039768,Mon Dec 07 18:21:11 +0000 2020,"#66daysofdata QQ, to all the data science lovers. Wht knd of analysis should I b doing 2 start understanding https://t.co/m7SazLUA5I better &amp; feel confident as well? I just started out d.analysis, every time I work on a dataset in Kaggle, I feel like the rat in the maze-lost :(",0,1
1336010997044191233,959045924705026048,bhuvane73039768,Mon Dec 07 18:13:38 +0000 2020,Day 16 and 18- I tried to understand  linear and logistics regression. My brain was like-‚ÄúI totally get the step and understand the concept.‚Äù Until Watched a certain video. Then my brain was like ‚Äú??????‚Äù Needless to say tomorrow will be spent Googling all day #66daysofdata,0,1
1335994458400120834,45938414,KiInoue,Mon Dec 07 17:07:55 +0000 2020,"Day45 of #66DaysOfData: attending an online seminar - Google Cloud Fundamentals for Azure Professionals.  A few labs included just to get a good feel of the interface.

#GoogleCloud #CloudNewbie https://t.co/heXLGtbgJT",0,3
1335993918823956482,19448058,paulapivat,Mon Dec 07 17:05:46 +0000 2020,"Day 16: #66daysofdata

- ‚úçÔ∏èputting my thoughts on Probability Distributions down https://t.co/iogFvNQkF8",0,2
1335991288756273152,1453368613,VivanVatsa,Mon Dec 07 16:55:19 +0000 2020,"i really want to know
Jupyter notebook or Google Collab ??

#100DaysOfCode #66daysofdata #DataScience #Data #DataScientist #100DaysOfMLCode #Python #jupyter #Collab #Notebook",6,11
1335967783889162242,2588345408,paulr_rohan,Mon Dec 07 15:21:55 +0000 2020,"My #kaggle notebook on 3 major Gradient Boosting technique

https://t.co/bcYblyn96B

#DataScience #MachineLearning  #100DaysOfMLCode #Python #DataScientist #66daysofdata #Statistics #Mathematics #pandas",3,5
1335944158238834690,1281890679052857346,ShrutiJ87241031,Mon Dec 07 13:48:02 +0000 2020,"Day 21: #66daysofdata 
- made an decision tree model for iris dataset 
- complete task 6 of my internship as data scientist and data analyst.",0,2
1335916216733454338,1199473474202406912,SadounMohammad,Mon Dec 07 11:57:00 +0000 2020,"Day 9 of #66daysofdata 

Today I worked on the variation exercises in ch5 of R4DS. Through the activities, I explore diamonds dataset, and I do some EDA. Tomorrow I will put extra effort to complete ch5 with the practices. https://t.co/1EKHiuzvT6",0,1
1335889069499424768,1295257646426214402,innovatesystem1,Mon Dec 07 10:09:08 +0000 2020,"There are more reasons to learn java.
Comment with what is left out.

#iNovatesystems #javascript #100DaysOfCode #66daysofdata #CodeNewbie #WomenWhoCode #DataScience #ArtificialIntelligence #mjolo #mondaythoughts #Python #programming #Election2020 #Election2020results #winmetawin https://t.co/pa9ktsfX7c",15,11
1335881724325138434,162916662,jacobukokobili,Mon Dec 07 09:39:57 +0000 2020,"R3 D7 #100DaysOfCode #100DaysOfMLCode #66daysofdata

Finally done with @kaggle Python course and gradually diving into machine learning fundamentals. It's going to be a great week of unlearning and relearning",8,2
1335853476820074496,2212129783,sam_jwalsh,Mon Dec 07 07:47:42 +0000 2020,"#66daysofdata 
Day 20:
-worked on feature engineering in the pubg dataset again and came up with some really important new vars that'll help the model
-I realized that this dataset is amazing for practicing feature engineering, which is definitely something I needed work on",0,2
1335811625060855808,2771098682,pigglymichele,Mon Dec 07 05:01:24 +0000 2020,"‚úÖ DAY 47 of #66daysofdata 

‚ú® took down notes for parameters and how to swap measures with it. Also used nested parameters. Will need to review that more tomr.

üòê this is the day I went to c21 hoping they‚Äôll still be open but it was the last day and it closed",0,2
1335802143853441029,1320782511748927489,NoahHorsleyDS,Mon Dec 07 04:23:43 +0000 2020,"Today I did two python practice problems on @LeetCode. It was a firm reminder that I am a data scientist, not a software engineer.

Day 40 of #66daysofdata 
Days missed: 2",0,7
1335790284458897415,935615163457310722,stsewang17,Mon Dec 07 03:36:36 +0000 2020,Day 5 of #66daysofdata: ‚úì.,0,1
1335771509500030980,1332613548,imkeller_5,Mon Dec 07 02:21:59 +0000 2020,Day 48 of #66daysofdata! Played around a bit more with pandas on Dataquest. Otherwise everything evolved around due assignments.,0,2
1335715062611402758,2527930848,joao96santos,Sun Dec 06 22:37:41 +0000 2020,"53 / #66DaysOfData

‚Ä¢ Wrote an Article Regarding the Hack@Home Challenge: ""Forecasting One Week of Portugal's Confirmed COVID-19 Cases - A Second Wave Analysis Challenge, Hack@Home Vol. III by Tech@Cat√≥lica""

https://t.co/iPNaaX1zaD",0,1
1335642896033189888,3035877464,amansharma2910,Sun Dec 06 17:50:56 +0000 2020,"Day 25 of #66DaysOfData:
Posting my progress of 25 days. I have learned a lot over the last month with A LOT still left to learn.

Special thanks to @KenJee_DS, @alfcnz, @ylecun, @goodfellow_ian, @3blue1brown &amp; Prof. Gilbert Strang for your extremely valuable, open-src resources. https://t.co/oSmJxpFlSB",0,15
1335642047173181441,1214740859628818432,SripathiMohana1,Sun Dec 06 17:47:33 +0000 2020,"Day 54 - 60: Participated in Hackerearth Amazon ML Engineer Hiring Challenge.

#66daysofdata #100daysofmlcode #100daysofcode https://t.co/tsycLuTGGx",5,2
1335635784410382337,909968496011894784,Paiky16,Sun Dec 06 17:22:40 +0000 2020,"Day 10 of #66daysofdata -
‚èπÔ∏è Solved some subarrays and subsequence problems.
‚èπÔ∏è Started looking into datasets library, will try to add at least one dataset to it.",0,0
1335621332764033025,1281890679052857346,ShrutiJ87241031,Sun Dec 06 16:25:15 +0000 2020,"Day 20: #66daysofdata 
 -  dummie variable , OneHotEncoder ,
Label function of Machine Learning.
- watched some data analyst interviews",1,1
1335620093582045184,19448058,paulapivat,Sun Dec 06 16:20:19 +0000 2020,"Day 15: #66daysofdata

- using Python to build intuition around Bernoulli Trials, Binomial distribution
- got familiar with mixpanel BI charting tool https://t.co/hNGcKqXdVv",0,2
1335588746075406339,1059790562587492357,AvinShah_,Sun Dec 06 14:15:45 +0000 2020,Waiting for #66daysofdata 2.0 to start @KenJee_DS.,0,8
1335528831306756096,1199473474202406912,SadounMohammad,Sun Dec 06 10:17:40 +0000 2020,"Day 8 of #66daysofdata 

Today I started in ch5 of R for 
Data Science book through this chapter I passed on the most critical part at data analysis (EDA), and I explored how I can start the EDA and which graph should be used to appropriate with the variables https://t.co/HYQADvGkM3",1,1
1335524089214033921,1453368613,VivanVatsa,Sun Dec 06 09:58:50 +0000 2020,"starting with Kaggle.
need tips to ace the pedal just right
any suggestion is appreciable.

#66daysofdata #Data #DataScience #dataviz #DataScientist  #Python #pythonlearning #MachineLearning #ArtificialIntelligence #bigData #100DaysOfCode  #CodeNewbie",12,10
1335517975386853379,1331398329977032707,aloknag_10,Sun Dec 06 09:34:32 +0000 2020,"Hi there.
I'm Alok. Focusing on improving my data science skills and getting a job in the field.
Following @KenJee_DS #66daysofdata campaign, I will post daily updates on my progress. Please share links to some good data science related accounts I can follow.",1,12
1335459471045300225,1320782511748927489,NoahHorsleyDS,Sun Dec 06 05:42:04 +0000 2020,"I am disappointed in myself for not posting yesterday, but I am back at it today. The last two days have been filled with in-depth feature exploration and engineering.   

Day 39 of #66daysofdata
Days missed: 2",0,2
1335450385180311552,2212129783,sam_jwalsh,Sun Dec 06 05:05:57 +0000 2020,"#66daysofdata 
Day 19:
-prioritized my classes today and tried to get some data science in, but my internet connection was faulty so it was hard to do much of anything on my laptop
-I did manage to learn some keyboard shortcuts
Kind of disappointing but tomorrow‚Äôs another day",0,2
1335441149419532288,2771098682,pigglymichele,Sun Dec 06 04:29:15 +0000 2020,"‚úÖ DAY 46 of #66daysofdata 

‚ú® worked with sql to organize the gtm table for practice 

‚ú®also watched tableau review vids  on combined axis and parameters before my course expires",0,2
1335433560661008384,45938414,KiInoue,Sun Dec 06 03:59:06 +0000 2020,Day44 of #66DaysOfData: reading up scikit-learn documentation.,0,1
1335412067440975872,1332613548,imkeller_5,Sun Dec 06 02:33:42 +0000 2020,Day 47 of #66daysofdata! today I worked to import some Twitter data for the project of the databases course.,0,2
1335345164873728001,1318596362703962119,dataleftovers,Sat Dec 05 22:07:51 +0000 2020,"Day 27 of #66daysofdata:

Did some SQL problems on Hackerrank.",0,1
1335340918052954115,2527930848,joao96santos,Sat Dec 05 21:50:58 +0000 2020,"52 / #66DaysOfData

Winner of the Hack@Home III by Tech@Catolica
"" A Second Wave Analysis of COVID-19""

‚Ä¢ Miner League Team Applied LOGISTIC, ARIMA and PROPHET (by @Facebook) Models to Predict COVID-19 Cases in Portugal from 2020-11-25 to 2020-12-02

https://t.co/zGpwn5hdv9 https://t.co/nAGQ80Osqc",0,2
1335297655472353280,935615163457310722,stsewang17,Sat Dec 05 18:59:04 +0000 2020,Day 4 of #66daysofdata: ‚úì.,0,1
1335277559328620545,19448058,paulapivat,Sat Dec 05 17:39:13 +0000 2020,"Day 14: #66daysofdata

- read and watch some YT üìº on Probability Mass Function, Cumulative Distri Funct learning; wip python implementation
- Spending time on BI tools for a project: https://t.co/HXqc740Mh3 (next: pulling mixpanel data)",0,3
1335277009308532736,909968496011894784,Paiky16,Sat Dec 05 17:37:01 +0000 2020,"Day 9 of #66daysofdata -
It was a practice Saturday for me-
‚èπÔ∏è Completed Day 5 of #adventofcode2020  
‚èπÔ∏è Started CodeChef Dec Long Challenge - solved 3 problems till now.
‚èπÔ∏è Solved a few questions from Python track on Hackerrank.",0,3
1335268815303667712,1258031380136509441,thatshutterboi,Sat Dec 05 17:04:28 +0000 2020,"Day 20&amp;21 of #66daysofdata :- Did some Linear Algebra practice, mostly working with Gauss Jordan and Gauss Elimination methods. The Day was then Occupied by completing some ML tasks along with some book reading. 
#DataScience #math #mathisfun #DeepLearning #MIT  #learning",1,5
1335236277663395840,1293201010840797184,r7asmu7s_en,Sat Dec 05 14:55:10 +0000 2020,"Day 60 of #66daysofdata:
Managed to wrap up the dashboard I created and upload it on heroku and gcloud. It wasn't easy!",0,2
1335235600975241216,1281890679052857346,ShrutiJ87241031,Sat Dec 05 14:52:29 +0000 2020,"Day 19 : #66daysofdata 
- completed my second task of internship 
- Luke University Coursera math for data science started",1,1
1335161196564004864,1300541186864590848,trainandtest,Sat Dec 05 09:56:50 +0000 2020,"Best way to perform Exploratory Data Analysis? 

#100DaysOfCode #100DaysOfMLCode #Data #DataAnalytics #DataScience #ML #AI #MachineLearning #ArtificialIntelligence #66daysofdata",14,7
1335160754798874629,1300541186864590848,trainandtest,Sat Dec 05 09:55:04 +0000 2020,"Accelerate your EDA with Pandas Profiling! 

Source: Medium

#Data #DataScience #MachineLearning #ML #AI #EDA #DataAnalytics #100DaysOfCode #100DaysOfMLCode #66daysofdata 

https://t.co/oz6UjNmFsj",12,6
1335133703790493698,2212129783,sam_jwalsh,Sat Dec 05 08:07:35 +0000 2020,"#66daysofdata
Day 18:
A little harder getting it going today, but I worked on some feature engineering of the pubg dataset. I may be taking long, but I'm consistently making tiny progress, but when I do this 20, 30, 100 times, it adds up. So that's why I'm doing this challenge",0,2
1335086669071060992,2771098682,pigglymichele,Sat Dec 05 05:00:41 +0000 2020,"‚úÖ DAY 45 of #66daysofdata 

‚ú® didn‚Äôt do much today went to two live review sessions to get my tableau qs answered even tho I already passed the test. Learned bout this function called window_avg.

‚ú®watched penthouse and played among us with my classmates ü§©",0,1
1335063975390752769,935615163457310722,stsewang17,Sat Dec 05 03:30:30 +0000 2020,Day 3 of #66daysofdata: ‚úì.,0,1
1335046846356418560,45938414,KiInoue,Sat Dec 05 02:22:26 +0000 2020,"Day43 of #66DaysOfData: starting @DataCamp Visualization Best Practices in R.  Anyone else using the Premium plan that isn't enjoying it or using a different learning platform with activities?

#RStats #CodeNewbie",3,3
1335014442195673088,1332613548,imkeller_5,Sat Dec 05 00:13:41 +0000 2020,Day 46 of #66daysofdata! Finished out the base Pandas part on Dataquest. Onto getting better to use it by working with data.,0,2
1334969784916578304,1318596362703962119,dataleftovers,Fri Dec 04 21:16:13 +0000 2020,"Day 24-26 of #66daysofdata:

Been working on a web scraper with Beautiful Soup. Doing small tweaks to make sure that it picks up everything I need.",0,2
1334945368803581953,1293201010840797184,r7asmu7s_en,Fri Dec 04 19:39:12 +0000 2020,"Working with a 10 year old crappy laptop that wouldn't even run 12 hours straight has made me a minimalist guru, terminal over any gui, documentations and trial and error over youtube exhaustion.
VSCode provides zen mode when my whole ecosystem IS zen mode.
#66daysofdata",0,1
1334920985158451200,1310565371389177858,R1SE_823,Fri Dec 04 18:02:19 +0000 2020,"Day 38-40 of #66daysofdata 
-I completed the Machine Learning course by Andrew Ng!
https://t.co/zPxamY03jC #Coursera",0,2
1334920216170491904,959045924705026048,bhuvane73039768,Fri Dec 04 17:59:15 +0000 2020,Day 12-14 #66daysofdata EDA of dataset. Day 15 revised correlation in r,0,2
1334915137040310274,2588345408,paulr_rohan,Fri Dec 04 17:39:04 +0000 2020,"My next #Blog  

#DataScience #MachineLearning  #100DaysOfMLCode #Python #DataScientist #66daysofdata #Statistics #Mathematics #pandas

https://t.co/ypXbNKhGg7",4,5
1334906567586508800,1281890679052857346,ShrutiJ87241031,Fri Dec 04 17:05:01 +0000 2020,"Day 18: #66daysofdata 
-working on my internship project 
  It was a Rough day üíØ‚úåÔ∏è",0,1
1334898126767845384,909968496011894784,Paiky16,Fri Dec 04 16:31:29 +0000 2020,"Day 8 of #66daysofdata -
‚èπÔ∏è Completed Day 4 of #adventofcode2020  
‚èπÔ∏è Completed chapter 4 of Intro to deep learning - kaggle.",2,4
1334896954430537730,19448058,paulapivat,Fri Dec 04 16:26:49 +0000 2020,"Day 13: #66daysofdata 

- (ch6. Data Science from Scratch): Working on understanding differences between Probability Density Function vs Cumulative Distribution Function for üîî curve https://t.co/dChjuHTJ9a",0,2
1334873303266291713,1293201010840797184,r7asmu7s_en,Fri Dec 04 14:52:50 +0000 2020,"Day 59 of #66daysofdata:
My roommate is a programmer. In the dashboard that I wrote there is a simple line of code that I couldn't understand how it worked under the hood. I asked him for hints. It was the first time someone saw my code in person. I felt exhilarated &amp; vulnerable.",0,1
1334871299571605504,1300541186864590848,trainandtest,Fri Dec 04 14:44:53 +0000 2020,"#QuestionOfTheDay What is second mode? 

#DataScience #Data #Statistics #MachineLearning #ML #AI #ArtificialIntelligence #100DaysOfCode #100DaysOfMLCode #66daysofdata",5,1
1334869050510376961,1453368613,VivanVatsa,Fri Dec 04 14:35:56 +0000 2020,"inherited great knowledge from open source.
contributions &amp; insights.
what's your hustle?

#100DaysOfCode #66daysofdata #python #OpenSource #DataScience #DataAnalytics #DataScientist #DataVisualization #data",4,3
1334859567126155264,2214590456,__peagah,Fri Dec 04 13:58:15 +0000 2020,"Day 39. Focusing on regression models.

#66DaysOfData @KenJee_DS",0,3
1334847529893031936,1701937670,kkccookkiiee,Fri Dec 04 13:10:26 +0000 2020,"#day5 of #66daysofdata 
Today I do Python coding exercise
- data structure and algorithm: class, node and linked list on codecademy",0,1
1334798152847810561,1332613548,imkeller_5,Fri Dec 04 09:54:13 +0000 2020,Day 45 of #66daysofdata! Weird day yesterday so I forgot to get on Dataquest. But I did some Databases and SQL stuff for my databases course.,0,2
1334754235821350912,2212129783,sam_jwalsh,Fri Dec 04 06:59:43 +0000 2020,"#66daysofdata 
Day 17:
-learned about F-testing or joint significance testing in my econometrics class
-did more eda on the pubg dataset and brainstormed ways to apply my knowledge of the game to better predict winners",0,1
1334718392264175617,1320782511748927489,NoahHorsleyDS,Fri Dec 04 04:37:17 +0000 2020,"Today I read Chapter 4: The P Value and the Base Rate Fallacy in Statistics Done Wrong by @capnrefsmmat 

I'm losing count of the number of times I've fooled myself into thinking I thoroughly understand p-values... 

Day 37 of #66daysofdata 
Days missed: 1",0,4
1334709299554131968,45938414,KiInoue,Fri Dec 04 04:01:09 +0000 2020,"Day42 of #66DaysOfData: following #ggplot2 tutorials covering distance matrices and Multi-Dimensional Scaling (MDS). 

#rstats",3,4
1334693219351859201,935615163457310722,stsewang17,Fri Dec 04 02:57:15 +0000 2020,Day 2 of #66daysofdata: ‚úì.,0,1
1334692118451937282,2771098682,pigglymichele,Fri Dec 04 02:52:53 +0000 2020,"‚úÖ DAY 43 and 44 of #66daysofdata 

‚ú® didn‚Äôt record yesterday but just worked on the data project and played around with sql and excel. 

‚ú® today I mapped out my data on tableau and created sets and groups to do it. Presented it and class ended early so going to relax now ü§ó",0,2
1334631711347531776,1308392951949725697,chanmantweeter,Thu Dec 03 22:52:50 +0000 2020,Day 14 of #66daysofdata - did the module on pipelines in @kaggle intermediate course on ML. So much easier than hacking together the various preprocessing steps! Fun to play with the different strategy settings for Simple Imputer to try and generate better MAEs!,0,3
1334599184293502978,2527930848,joao96santos,Thu Dec 03 20:43:35 +0000 2020,"51 / #66DaysOfData

Intermediate SQL Serve by @DataCamp
‚Ä¢ [Section 1/4] T-SQL; Aggregations; Removing and Imputing Missing Values; Binning Data w/ CASE

‚Ä¢ Bronze Medal Achieved on ""Are You Too Old for Data Science?  üë¥üëµ"" https://t.co/YsKLVdQrXU https://t.co/dfCZH6DJRQ",0,3
1334563090004774912,1281890679052857346,ShrutiJ87241031,Thu Dec 03 18:20:10 +0000 2020,"Day 17: #66daysofdata 
-prediction using unsupervised learning  (internship) 
-machine learning save a model for later use",0,4
1334561842262396929,951871594376376320,JackRaifer,Thu Dec 03 18:15:12 +0000 2020,"My latest Article: Road to Data Science 1st Story - Start with Why Data Science https://t.co/SvuQ5XfDWU via @LinkedIn 
#66daysofdata @KenJee_DS",2,10
1334558692222455808,19448058,paulapivat,Thu Dec 03 18:02:41 +0000 2020,"Day 12: #66daysofdata (2.0)

- Worked on data visualization in R 
- sharpening my data wrangling (dplyr) and visualization skills (ggplot2), handing date/time formatting

https://t.co/iYdut9G8PA",0,2
1334553203703119872,909968496011894784,Paiky16,Thu Dec 03 17:40:53 +0000 2020,"Day 7 of #66daysofdata -
‚èπÔ∏è Completed Day 3 of #adventofcode2020  
‚èπÔ∏è Completed assignment for deep learning course.",0,3
1334553144554975232,1258031380136509441,thatshutterboi,Thu Dec 03 17:40:39 +0000 2020,"Day 19 of #66daysofdata and today I did One Linear Regression Task along with a Bunch of EDA on IPL data set. It was a very interesting Data set with all the IPL entries from 2008-2019. Will do some more work on it tommorow.
#MachineLearning #DataScience #IPL #EDA #DeepLearning",0,6
1334535804371095553,1453368613,VivanVatsa,Thu Dec 03 16:31:44 +0000 2020,"been stuck in a rut lately.
yeah. ""rut - dataset of lazy people"".
caught you there.

#66daysofdata #DataScience #DataVisualization #data #Python",0,2
1334499739472039936,1453368613,VivanVatsa,Thu Dec 03 14:08:26 +0000 2020,"everyone is a developer until the open source contributors drop in.

#100DaysOfCode  #Python #OpenSource #AI #data #66daysofdata #development #OpenSourceStories #DataEngineeringStudy",6,1
1334449102524858369,1199473474202406912,SadounMohammad,Thu Dec 03 10:47:13 +0000 2020,"Day 6 &amp; 7 #66daysofdata 

I've worked on different technique through R. I revised on the various methods that assist in reading multi-type of a data file such-- as a text file, excel file and SAS. Now I work on the EDA area on CH5 of R4DS book through this chapter.  +",0,1
1334384902729474050,2212129783,sam_jwalsh,Thu Dec 03 06:32:07 +0000 2020,"#66daysofdata
Day 16:
-did some more eda and visualizations on the pubg dataset",0,1
1334377963991789570,1301025989359788033,AMuktineni,Thu Dec 03 06:04:32 +0000 2020,"Day 7 of #66daysofdata (2.0)

Took a break from my usual Python coding exercises. Instead read through an interesting article about examples of APIs used by Data Scientists and a few sample project ideas where these APIs can be used.

https://t.co/SUPDFkjf2a
@KenJee_DS",0,8
1334373653060861953,1300541186864590848,trainandtest,Thu Dec 03 05:47:25 +0000 2020,"What to learn to become a Data Scientist in #2021 ? 

#100DaysOfCode #100DaysOfMLCode #66daysofdata #Data #DataScience #MachineLearning #ML #AI 

https://t.co/57TUKLUzEg",8,5
1334344564354637825,45938414,KiInoue,Thu Dec 03 03:51:49 +0000 2020,"Day41 of #66DaysOfData: reading up on various clustering algorithms: K-means, mean-shift, DBSCAN, and Agglomerative Hierarchical Clustering.",0,1
1334340099232903175,935615163457310722,stsewang17,Thu Dec 03 03:34:05 +0000 2020,Day 1 of #66daysofdata: ‚úì.,0,1
1334319737665359873,1320782511748927489,NoahHorsleyDS,Thu Dec 03 02:13:10 +0000 2020,"Today I read a great article by @erykml1 about power analysis in Python. 

Day 36 of #66daysofdata
Days missed: 1

https://t.co/W3WGsXeF5e",0,3
1334305578563248129,375194054,ashleybee94,Thu Dec 03 01:16:54 +0000 2020,Join us &amp; get your #66daysofdata t-shirt here!üìâüíô https://t.co/4ys3Lw4PdA,0,4
1334304963556638720,375194054,ashleybee94,Thu Dec 03 01:14:28 +0000 2020,12 Day of Christmas..? More like #66DaysofData üòé https://t.co/WCUWJyhGUU,1,41
1334300217139748870,1332613548,imkeller_5,Thu Dec 03 00:55:36 +0000 2020,Day 44 of #66daysofdata! Started the part about Pandas on Dataquest.,0,2
1334192423719686144,126231516,JohannPiedras,Wed Dec 02 17:47:16 +0000 2020,"All those #66daysofdata , #100DaysOfCode, working with small clients, uploading analysis projects to GitHub, and countless cover letters was fortunately for something. Thanks to those that shared their support, especially my family. The grind continues ü§ì https://t.co/g9DGztmF1n",4,3
1334184503992979456,909968496011894784,Paiky16,Wed Dec 02 17:15:48 +0000 2020,"Day 6 of #66daysofdata -
‚èπÔ∏è Completed Chapter 3 of Kaggle's Introduction to Deep Learning course. 
‚èπÔ∏è Completed Day 2 of #adventofcode2020.",0,5
1334184241576497152,1308392951949725697,chanmantweeter,Wed Dec 02 17:14:45 +0000 2020,"Day 13 of #66daysofdata - going through @kaggle's intermediate ML micro-course, and I found a really useful article on 'manipulating machine learning results with random state': https://t.co/Poln2qlkf9",2,4
1334181863175327744,1281890679052857346,ShrutiJ87241031,Wed Dec 02 17:05:18 +0000 2020,"Day 16: #66daysofdata 
- supervised machine learning ,simple linear regression model",1,2
1334180662945824768,1258031380136509441,thatshutterboi,Wed Dec 02 17:00:32 +0000 2020,"Day 18 of #66daysofdata and Today Was filled with studying a little bit of DBMS and SQL revision, followed by Working With Linear Regression. Ending the day with a Video that I made as an Introduction to @kaggle for Some Juniors! That's it for today!
#kaggle #Machinelearning",1,4
1334171904039481346,1310565371389177858,R1SE_823,Wed Dec 02 16:25:44 +0000 2020,"Day 38 of #66daysofdata
- Finished week 10 of ML by Andrew Ng",0,3
1334129944394297344,1244281058255704070,ShibiAkino,Wed Dec 02 13:39:00 +0000 2020,"Day 10 of my #66daysofdata 
Doing some review and self-paced training for SQL and NoSQL.",0,2
1334067824856162304,1300541186864590848,trainandtest,Wed Dec 02 09:32:09 +0000 2020,"Best way to learn #DataScience ? 

#100DaysOfCode #100DaysOfMLCode #66daysofdata",8,5
1334067500410044416,1300541186864590848,trainandtest,Wed Dec 02 09:30:52 +0000 2020,"A Time Series Anomaly detection model for all types of time series. 

#DataScience #Data #MachineLearning #ArtificialIntelligence #AI #ML #100DaysOfCode #100DaysOfMLCode #66daysofdata 

Source: Medium 

https://t.co/DGar6TEBzW",13,12
1334040138788139008,1701937670,kkccookkiiee,Wed Dec 02 07:42:09 +0000 2020,"#day4 of #66daysofdata 
I perform basket analysis using the Kaggle dataset https://t.co/R3Y7JGA2Oh from course example in my last semester class
I finish assignment of logistic neural network week 2 in coursera.",0,2
1334038333828308992,1301025989359788033,AMuktineni,Wed Dec 02 07:34:58 +0000 2020,"Day 6 of #66daysofdata (2.0)

I earned a statement of accomplishment on @DataCamp  for completing Intermediate Importing Data in Python! https://t.co/LVA87TW37t @KenJee_DS",0,13
1334035285013774337,19448058,paulapivat,Wed Dec 02 07:22:51 +0000 2020,"Day 11: #66daysofdata (2.0)

- published Bayes' write-up from yesterday (w/ üêç code): https://t.co/kcIK6P3JKc
- continuing ch6. Data Science from Scratch (continuous, normal distribution, central limit theorem)",0,3
1334003756292194304,2212129783,sam_jwalsh,Wed Dec 02 05:17:34 +0000 2020,"#66daysofdata
Day 15:
-Did some EDA on the pubg dataset today, which I had a lot of fun with
-learned more about pitch design from @nickwan's stream",0,3
1334000396457697280,1320782511748927489,NoahHorsleyDS,Wed Dec 02 05:04:13 +0000 2020,"I read about resampling and bootstrapping techniques today. Some of it was review, but it never hurts to brush up on relevant material.

Day 35 of #66daysofdata
Days missed: 1",0,5
1333998693649960960,2771098682,pigglymichele,Wed Dec 02 04:57:27 +0000 2020,"‚úÖ DAY 42 of #66daysofdata 

ü•≥ I took my tableau specialist exam test and passed yaay 

‚ú® tried figuring out my project tho and my captain was so nice to help. Deciding how to organize my data before throwing it in tableau since it got over a million rows ü§î

#tableau",0,3
1333977068632039427,1281890679052857346,ShrutiJ87241031,Wed Dec 02 03:31:31 +0000 2020,"Day 15 : #66daysofdata 
- gradient and cost function
- data science app (linear regression)",0,3
1333938493442166787,1332613548,imkeller_5,Wed Dec 02 00:58:14 +0000 2020,Day 43 of #66daysofdata! I finished the numpy part of the Data Scientist in Python track on Data quest. Not much more today.,1,3
1333886019331035136,1293201010840797184,r7asmu7s_en,Tue Dec 01 21:29:44 +0000 2020,Day 57 of #66daysofdata: ‚úì.,0,3
1333881376072900609,1318596362703962119,dataleftovers,Tue Dec 01 21:11:17 +0000 2020,"Day 23 of #66daysofdata:

Lighter day. But finished lectures for Unit 4 of the Intro to Computational Thinking and Data Science course on Edx. Nearly done with that course.",0,2
1333870071102529542,2527930848,joao96santos,Tue Dec 01 20:26:21 +0000 2020,"50 / #66DaysOfData
‚Ä¢  Published the First Public Version of my Ongoing Kaggle Project ""Are You Too Old for Data Science""
https://t.co/YsKLVdQrXU",0,3
1333862189770235905,1244281058255704070,ShibiAkino,Tue Dec 01 19:55:02 +0000 2020,Day 9 of my Data Science Journey. Learned the Basics of QMF for Workstation. #66daysofdata,1,2
1333838400143572992,909968496011894784,Paiky16,Tue Dec 01 18:20:30 +0000 2020,"Day 5 of #66daysofdata -
‚èπÔ∏è Completed Chapter 1&amp;2 of Kaggle's Introduction to Deep Learning course. 
‚èπÔ∏è Completed Day 1 of #adventofcode2020.
If anyone is interested to solve small programming puzzles for 25 Days can join at- https://t.co/t79Dr71C6m",0,2
1333837069899198469,1308392951949725697,chanmantweeter,Tue Dec 01 18:15:13 +0000 2020,"Days 5-12 of #66daysofdata: I've been working through Python Prog. Fundamentals (free course) on @udacity, 365 Data Science (ML), and the great free courses on @kaggle. One of the highlights was sending an SMS to myself using  @twilio! ü§Ø",1,5
1333835114233491456,1258031380136509441,thatshutterboi,Tue Dec 01 18:07:27 +0000 2020,"Day 17 of #66daysofdata and today I started working on My Project. Wanted to do something like this for sometime. Nothing big but definitely would require a lot of work. Let's see how it goes.
And ofcourse Linear Algebra too took few hours from the day.
#MachineLearning #Data",0,4
1333832475957620736,19448058,paulapivat,Tue Dec 01 17:56:58 +0000 2020,"Day 10: #66daysofdata (2.0)

- ‚úçÔ∏èWrite up of Bayes' application to a medical diagnostic scenario. 
- Work in progress: https://t.co/PUduoX2F1S
- polished draft tomorrow",0,2
1333828210996379648,45938414,KiInoue,Tue Dec 01 17:40:01 +0000 2020,"Day40 of #66DaysOfData: for my next intro data project, I am going to build a supersonic jet using AWS.

Watching AWS re:Invent keynote by Jassey.  It really is amazing how they can differentiate themselves from their competitors.",0,2
1333826592666132480,2588345408,paulr_rohan,Tue Dec 01 17:33:35 +0000 2020,"My next #Blog  

#DataScience #100DaysOfMLCode #Python #DataScientist #66daysofdata #Statistics #Mathematics #pandas 

https://t.co/bXtcehObVX",4,5
1333807719086649345,1310565371389177858,R1SE_823,Tue Dec 01 16:18:35 +0000 2020,"Day 37 of #66daysofdata 
- Finished week 9 of ML by Andrew Ng",0,1
1333798282976321541,1265693353485701121,MarioRashadData,Tue Dec 01 15:41:06 +0000 2020,"Inspired by @KenJee_DS's previous #66DaysofData challenge, I'm starting my own personal version called #25DaysOfData since it's holiday season!

Each day I will either work on a side project, read new information, or post a medium article. Anyone is welcome to join! https://t.co/W0Ucj6sUbt",0,9
1333749554856996864,62014349,spencermoses,Tue Dec 01 12:27:28 +0000 2020,Accuracy paradox - not all mistakes are equal #66daysofdata,0,1
1333732012213948417,1199473474202406912,SadounMohammad,Tue Dec 01 11:17:45 +0000 2020,"Day 5 of #66daysofdata 

I've completed the Introduction to the Tidyverse course. Also, I started with Introduction to Importing Data in R, and I've completed the first chapter importing data from flat files with utils.",0,1
1333714720705052674,1453368613,VivanVatsa,Tue Dec 01 10:09:03 +0000 2020,"hello world.
I'm part of the #66daysofdata challenge.
learning technology everything. https://t.co/5uaLANNtbw",0,2
1333682990749163520,2212129783,sam_jwalsh,Tue Dec 01 08:02:58 +0000 2020,"#66daysofdata 
Day 14:
Wow two weeks already. 
-Today I worked with some statcast data to compute launch angle variances. I want to see if this is a factor that is predictive of stats like batting average or BABIP
-I also found a dataset for PUBG which I'm excited for",0,2
1333678101507710977,1300541186864590848,trainandtest,Tue Dec 01 07:43:32 +0000 2020,"A complete guide to Sentiment Analysis and it‚Äôs Applications!

Source: Medium 

#100DaysOfMLCode #100DaysOfCode #66daysofdata #DataScience #Data #MachineLearning #ArtificialIntelligence #AI #ML 

https://t.co/eyrcNBzNxL",7,6
1333642357967876096,1301025989359788033,AMuktineni,Tue Dec 01 05:21:30 +0000 2020,"Day 5 of #66daysofdata (2.0)

Completed Chapter 1 in 'Intermediate Importing Data in Python' @DataCamp during which I practiced Importing and locally saving datasets from the web, loading datasets into Pandas DataFrames, make HTTP (GET) requests, scrape web data such as HTML.",1,10
1333634038674976768,2771098682,pigglymichele,Tue Dec 01 04:48:27 +0000 2020,"‚úÖ DAY 41 of #66daysofdata 

‚ú® I only reviewed some of the tableau elearning vids like context filters, sets, scatter plots and maps. 
Also tried to plot my data proj map but it keeps showing the data points in jersey instead of nyc üò´

#tableau",0,2
